features		8.78671605684
features		8.78671605684
features		8.78671605684
features		-0.000152737098296
features		8.78671605684
features		8.78671605684
features		8.78671605684
features		8.78671605684
features		8.78671605684
features		8.78671605684
features		8.78671605684
others		0.283138819128
others		0.554753013305
others		4.3291319394
others		-0.000152737098296
others		1.30039290743
others		0.574467355072
others		0.536958540045
others		0.603411030663
others		-0.000152737098296
others		0.891931572587
others		0.878040869721
all features	0	8.78671605684
all features	0	8.78671605684
all features	0	8.78671605684
all features	0	8.78671605684
all features	0	8.78671605684
all features	0	8.78671605684
all features	0	8.78671605684
all features	0	8.78671605684
all features	0	8.78671605684
all features	0	8.78671605684
all features	0	8.78671605684
all others	0	0.283138819128
all others	0	0.554753013305
all others	0	4.3291319394
all others	0	-0.000152737098296
all others	0	1.30039290743
all others	0	0.574467355072
all others	0	0.536958540045
all others	0	0.603411030663
all others	0	-0.000152737098296
all others	0	0.891931572587
all others	0	0.878040869721
all features	1	8.78671605684
all features	1	8.78671605684
all features	1	8.78671605684
all features	1	8.78671605684
all features	1	8.78671605684
all features	1	8.78671605684
all features	1	8.78671605684
all features	1	8.78671605684
all features	1	8.78671605684
all features	1	8.78671605684
all features	1	8.78671605684
all others	1	0.283138819128
all others	1	0.554753013305
all others	1	4.3291319394
all others	1	-0.000152737098296
all others	1	1.30039290743
all others	1	0.574467355072
all others	1	0.536958540045
all others	1	0.603411030663
all others	1	-0.000152737098296
all others	1	0.891931572587
all others	1	0.878040869721
all features	2	8.78671605684
all features	2	8.78671605684
all features	2	8.78671605684
all features	2	8.78671605684
all features	2	8.78671605684
all features	2	8.78671605684
all features	2	8.78671605684
all features	2	8.78671605684
all features	2	8.78671605684
all features	2	8.78671605684
all features	2	8.78671605684
all others	2	0.283138819128
all others	2	0.554753013305
all others	2	4.3291319394
all others	2	-0.000152737098296
all others	2	1.30039290743
all others	2	0.574467355072
all others	2	0.536958540045
all others	2	0.603411030663
all others	2	-0.000152737098296
all others	2	0.891931572587
all others	2	0.878040869721
all features	3	-0.000152737098296
all features	3	8.78671605684
all features	3	8.78671605684
all features	3	8.78671605684
all features	3	8.78671605684
all features	3	8.78671605684
all features	3	8.78671605684
all features	3	8.78671605684
all features	3	0.600339626957
all features	3	8.78671605684
all features	3	8.78671605684
all others	3	0.283138819128
all others	3	0.554753013305
all others	3	4.3291319394
all others	3	-0.000152737098296
all others	3	1.30039290743
all others	3	0.574467355072
all others	3	0.536958540045
all others	3	0.603411030663
all others	3	-0.000152737098296
all others	3	0.891931572587
all others	3	0.878040869721
all features	4	1.51140753282
all features	4	8.78671605684
all features	4	8.78671605684
all features	4	8.78671605684
all features	4	8.78671605684
all features	4	8.78671605684
all features	4	-0.000152737098296
all features	4	8.78671605684
all features	4	-0.000152737098296
all features	4	8.78671605684
all features	4	-0.000152737098296
all others	4	0.283138819128
all others	4	0.554753013305
all others	4	4.3291319394
all others	4	-0.000152737098296
all others	4	1.30039290743
all others	4	0.574467355072
all others	4	0.536958540045
all others	4	0.603411030663
all others	4	-0.000152737098296
all others	4	0.891931572587
all others	4	0.878040869721
all features	5	8.78671605684
all features	5	8.78671605684
all features	5	8.78671605684
all features	5	8.78671605684
all features	5	8.78671605684
all features	5	-0.000152737098296
all features	5	8.78671605684
all features	5	1.89495475676
all features	5	8.78671605684
all features	5	8.78671605684
all features	5	8.78671605684
all others	5	0.283138819128
all others	5	0.554753013305
all others	5	4.3291319394
all others	5	-0.000152737098296
all others	5	1.30039290743
all others	5	0.574467355072
all others	5	0.536958540045
all others	5	0.603411030663
all others	5	-0.000152737098296
all others	5	0.891931572587
all others	5	0.878040869721
all features	6	8.78671605684
all features	6	8.78671605684
all features	6	8.78671605684
all features	6	8.78671605684
all features	6	8.78671605684
all features	6	-0.000152737098296
all features	6	8.78671605684
all features	6	8.78671605684
all features	6	8.78671605684
all features	6	8.78671605684
all features	6	8.78671605684
all others	6	0.283138819128
all others	6	0.554753013305
all others	6	4.3291319394
all others	6	-0.000152737098296
all others	6	1.30039290743
all others	6	0.574467355072
all others	6	0.536958540045
all others	6	0.603411030663
all others	6	-0.000152737098296
all others	6	0.891931572587
all others	6	0.878040869721
all features	7	8.78671605684
all features	7	8.78671605684
all features	7	8.78671605684
all features	7	8.78671605684
all features	7	8.78671605684
all features	7	8.78671605684
all features	7	8.78671605684
all features	7	8.78671605684
all features	7	8.78671605684
all features	7	8.78671605684
all features	7	8.78671605684
all others	7	0.283138819128
all others	7	0.554753013305
all others	7	4.3291319394
all others	7	-0.000152737098296
all others	7	1.30039290743
all others	7	0.574467355072
all others	7	0.536958540045
all others	7	0.603411030663
all others	7	-0.000152737098296
all others	7	0.891931572587
all others	7	0.878040869721
all features	8	8.78671605684
all features	8	8.78671605684
all features	8	0.407991625237
all features	8	0.86510390735
all features	8	8.78671605684
all features	8	8.78671605684
all features	8	8.78671605684
all features	8	8.78671605684
all features	8	8.78671605684
all features	8	8.78671605684
all features	8	8.78671605684
all others	8	0.283138819128
all others	8	0.554753013305
all others	8	4.3291319394
all others	8	-0.000152737098296
all others	8	1.30039290743
all others	8	0.574467355072
all others	8	0.536958540045
all others	8	0.603411030663
all others	8	-0.000152737098296
all others	8	0.891931572587
all others	8	0.878040869721
all features	9	8.78671605684
all features	9	8.78671605684
all features	9	8.78671605684
all features	9	8.78671605684
all features	9	8.78671605684
all features	9	8.78671605684
all features	9	8.78671605684
all features	9	8.78671605684
all features	9	8.78671605684
all features	9	8.78671605684
all features	9	8.78671605684
all others	9	0.283138819128
all others	9	0.554753013305
all others	9	4.3291319394
all others	9	-0.000152737098296
all others	9	1.30039290743
all others	9	0.574467355072
all others	9	0.536958540045
all others	9	0.603411030663
all others	9	-0.000152737098296
all others	9	0.891931572587
all others	9	0.878040869721
all features	10	8.78671605684
all features	10	8.78671605684
all features	10	8.78671605684
all features	10	8.78671605684
all features	10	8.78671605684
all features	10	8.78671605684
all features	10	8.78671605684
all features	10	8.78671605684
all features	10	8.78671605684
all features	10	-0.000152737098296
all features	10	-0.000152737098296
all others	10	0.283138819128
all others	10	0.554753013305
all others	10	4.3291319394
all others	10	-0.000152737098296
all others	10	1.30039290743
all others	10	0.574467355072
all others	10	0.536958540045
all others	10	0.603411030663
all others	10	-0.000152737098296
all others	10	0.891931572587
all others	10	0.878040869721
all features	11	8.78671605684
all features	11	8.78671605684
all features	11	8.78671605684
all features	11	8.78671605684
all features	11	8.78671605684
all features	11	-0.000152737098296
all features	11	8.78671605684
all features	11	8.78671605684
all features	11	0.564230480164
all features	11	8.78671605684
all features	11	-0.000152737098296
all others	11	0.283138819128
all others	11	0.554753013305
all others	11	4.3291319394
all others	11	-0.000152737098296
all others	11	1.30039290743
all others	11	0.574467355072
all others	11	0.536958540045
all others	11	0.603411030663
all others	11	-0.000152737098296
all others	11	0.891931572587
all others	11	0.878040869721
all features	12	8.78671605684
all features	12	-0.000152737098296
all features	12	8.78671605684
all features	12	8.78671605684
all features	12	-0.000152737098296
all features	12	8.78671605684
all features	12	8.78671605684
all features	12	8.78671605684
all features	12	0.600339626957
all features	12	8.78671605684
all features	12	8.78671605684
all others	12	0.283138819128
all others	12	0.554753013305
all others	12	4.3291319394
all others	12	-0.000152737098296
all others	12	1.30039290743
all others	12	0.574467355072
all others	12	0.536958540045
all others	12	0.603411030663
all others	12	-0.000152737098296
all others	12	0.891931572587
all others	12	0.878040869721
all features	13	0.600339626957
all features	13	8.78671605684
all features	13	8.78671605684
all features	13	8.78671605684
all features	13	8.78671605684
all features	13	8.78671605684
all features	13	8.78671605684
all features	13	8.78671605684
all features	13	8.78671605684
all features	13	8.78671605684
all features	13	8.78671605684
all others	13	0.283138819128
all others	13	0.554753013305
all others	13	4.3291319394
all others	13	-0.000152737098296
all others	13	1.30039290743
all others	13	0.574467355072
all others	13	0.536958540045
all others	13	0.603411030663
all others	13	-0.000152737098296
all others	13	0.891931572587
all others	13	0.878040869721
all features	14	0.27359551031
all features	14	8.78671605684
all features	14	8.78671605684
all features	14	8.78671605684
all features	14	8.78671605684
all features	14	8.78671605684
all features	14	8.78671605684
all features	14	8.78671605684
all features	14	8.78671605684
all features	14	8.78671605684
all features	14	8.78671605684
all others	14	0.283138819128
all others	14	0.554753013305
all others	14	4.3291319394
all others	14	-0.000152737098296
all others	14	1.30039290743
all others	14	0.574467355072
all others	14	0.536958540045
all others	14	0.603411030663
all others	14	-0.000152737098296
all others	14	0.891931572587
all others	14	0.878040869721
all features	15	-0.000152737098296
all features	15	8.78671605684
all features	15	8.78671605684
all features	15	-0.000152737098296
all features	15	8.78671605684
all features	15	8.78671605684
all features	15	8.78671605684
all features	15	8.78671605684
all features	15	0.407991625237
all features	15	8.78671605684
all features	15	8.78671605684
all others	15	0.283138819128
all others	15	0.554753013305
all others	15	4.3291319394
all others	15	-0.000152737098296
all others	15	1.30039290743
all others	15	0.574467355072
all others	15	0.536958540045
all others	15	0.603411030663
all others	15	-0.000152737098296
all others	15	0.891931572587
all others	15	0.878040869721
all features	16	8.78671605684
all features	16	8.78671605684
all features	16	8.78671605684
all features	16	8.78671605684
all features	16	8.78671605684
all features	16	8.78671605684
all features	16	8.78671605684
all features	16	8.78671605684
all features	16	8.78671605684
all features	16	8.78671605684
all features	16	8.78671605684
all others	16	0.283138819128
all others	16	0.554753013305
all others	16	4.3291319394
all others	16	-0.000152737098296
all others	16	1.30039290743
all others	16	0.574467355072
all others	16	0.536958540045
all others	16	0.603411030663
all others	16	-0.000152737098296
all others	16	0.891931572587
all others	16	0.878040869721
all features	17	1.1850622346
all features	17	-0.000152737098296
all features	17	8.78671605684
all features	17	8.78671605684
all features	17	8.78671605684
all features	17	8.78671605684
all features	17	8.78671605684
all features	17	8.78671605684
all features	17	8.78671605684
all features	17	8.78671605684
all features	17	8.78671605684
all others	17	0.283138819128
all others	17	0.554753013305
all others	17	4.3291319394
all others	17	-0.000152737098296
all others	17	1.30039290743
all others	17	0.574467355072
all others	17	0.536958540045
all others	17	0.603411030663
all others	17	-0.000152737098296
all others	17	0.891931572587
all others	17	0.878040869721
all features	18	-0.000152737098296
all features	18	8.78671605684
all features	18	8.78671605684
all features	18	8.78671605684
all features	18	8.78671605684
all features	18	8.78671605684
all features	18	8.78671605684
all features	18	8.78671605684
all features	18	8.78671605684
all features	18	8.78671605684
all features	18	8.78671605684
all others	18	0.283138819128
all others	18	0.554753013305
all others	18	4.3291319394
all others	18	-0.000152737098296
all others	18	1.30039290743
all others	18	0.574467355072
all others	18	0.536958540045
all others	18	0.603411030663
all others	18	-0.000152737098296
all others	18	0.891931572587
all others	18	0.878040869721
all features	19	8.78671605684
all features	19	8.78671605684
all features	19	8.78671605684
all features	19	8.78671605684
all features	19	8.78671605684
all features	19	8.78671605684
all features	19	8.78671605684
all features	19	8.78671605684
all features	19	8.78671605684
all features	19	8.78671605684
all features	19	-0.000152737098296
all others	19	0.283138819128
all others	19	0.554753013305
all others	19	4.3291319394
all others	19	-0.000152737098296
all others	19	1.30039290743
all others	19	0.574467355072
all others	19	0.536958540045
all others	19	0.603411030663
all others	19	-0.000152737098296
all others	19	0.891931572587
all others	19	0.878040869721
all features	20	8.78671605684
all features	20	8.78671605684
all features	20	8.78671605684
all features	20	8.78671605684
all features	20	-0.000152737098296
all features	20	8.78671605684
all features	20	8.78671605684
all features	20	8.78671605684
all features	20	-0.000152737098296
all features	20	8.78671605684
all features	20	0.86510390735
all others	20	0.283138819128
all others	20	0.554753013305
all others	20	4.3291319394
all others	20	-0.000152737098296
all others	20	1.30039290743
all others	20	0.574467355072
all others	20	0.536958540045
all others	20	0.603411030663
all others	20	-0.000152737098296
all others	20	0.891931572587
all others	20	0.878040869721
all features	21	8.78671605684
all features	21	0.822164537303
all features	21	8.78671605684
all features	21	8.78671605684
all features	21	8.78671605684
all features	21	-0.000152737098296
all features	21	-0.000152737098296
all features	21	8.78671605684
all features	21	8.78671605684
all features	21	8.78671605684
all features	21	8.78671605684
all others	21	0.283138819128
all others	21	0.554753013305
all others	21	4.3291319394
all others	21	-0.000152737098296
all others	21	1.30039290743
all others	21	0.574467355072
all others	21	0.536958540045
all others	21	0.603411030663
all others	21	-0.000152737098296
all others	21	0.891931572587
all others	21	0.878040869721
all features	22	8.78671605684
all features	22	8.78671605684
all features	22	-0.000152737098296
all features	22	8.78671605684
all features	22	8.78671605684
all features	22	8.78671605684
all features	22	8.78671605684
all features	22	8.78671605684
all features	22	8.78671605684
all features	22	8.78671605684
all features	22	8.78671605684
all others	22	0.283138819128
all others	22	0.554753013305
all others	22	4.3291319394
all others	22	-0.000152737098296
all others	22	1.30039290743
all others	22	0.574467355072
all others	22	0.536958540045
all others	22	0.603411030663
all others	22	-0.000152737098296
all others	22	0.891931572587
all others	22	0.878040869721
all features	23	8.78671605684
all features	23	8.78671605684
all features	23	-0.000152737098296
all features	23	8.78671605684
all features	23	8.78671605684
all features	23	8.78671605684
all features	23	8.78671605684
all features	23	8.78671605684
all features	23	8.78671605684
all features	23	8.78671605684
all features	23	8.78671605684
all others	23	0.283138819128
all others	23	0.554753013305
all others	23	4.3291319394
all others	23	-0.000152737098296
all others	23	1.30039290743
all others	23	0.574467355072
all others	23	0.536958540045
all others	23	0.603411030663
all others	23	-0.000152737098296
all others	23	0.891931572587
all others	23	0.878040869721
all features	24	8.78671605684
all features	24	8.78671605684
all features	24	8.78671605684
all features	24	8.78671605684
all features	24	8.78671605684
all features	24	8.78671605684
all features	24	8.78671605684
all features	24	8.78671605684
all features	24	8.78671605684
all features	24	8.78671605684
all features	24	8.78671605684
all others	24	0.283138819128
all others	24	0.554753013305
all others	24	4.3291319394
all others	24	-0.000152737098296
all others	24	1.30039290743
all others	24	0.574467355072
all others	24	0.536958540045
all others	24	0.603411030663
all others	24	-0.000152737098296
all others	24	0.891931572587
all others	24	0.878040869721
all features	25	8.78671605684
all features	25	8.78671605684
all features	25	8.78671605684
all features	25	8.78671605684
all features	25	8.78671605684
all features	25	8.78671605684
all features	25	8.78671605684
all features	25	8.78671605684
all features	25	8.78671605684
all features	25	8.78671605684
all features	25	8.78671605684
all others	25	0.283138819128
all others	25	0.554753013305
all others	25	4.3291319394
all others	25	-0.000152737098296
all others	25	1.30039290743
all others	25	0.574467355072
all others	25	0.536958540045
all others	25	0.603411030663
all others	25	-0.000152737098296
all others	25	0.891931572587
all others	25	0.878040869721
all features	26	1.47345373469
all features	26	0.600339626957
all features	26	8.78671605684
all features	26	8.78671605684
all features	26	8.78671605684
all features	26	8.78671605684
all features	26	0.822164537303
all features	26	8.78671605684
all features	26	8.78671605684
all features	26	8.78671605684
all features	26	8.78671605684
all others	26	0.283138819128
all others	26	0.554753013305
all others	26	4.3291319394
all others	26	-0.000152737098296
all others	26	1.30039290743
all others	26	0.574467355072
all others	26	0.536958540045
all others	26	0.603411030663
all others	26	-0.000152737098296
all others	26	0.891931572587
all others	26	0.878040869721
all features	27	8.78671605684
all features	27	8.78671605684
all features	27	-0.000152737098296
all features	27	0.822164537303
all features	27	8.78671605684
all features	27	8.78671605684
all features	27	8.78671605684
all features	27	8.78671605684
all features	27	8.78671605684
all features	27	8.78671605684
all features	27	-0.000152737098296
all others	27	0.283138819128
all others	27	0.554753013305
all others	27	4.3291319394
all others	27	-0.000152737098296
all others	27	1.30039290743
all others	27	0.574467355072
all others	27	0.536958540045
all others	27	0.603411030663
all others	27	-0.000152737098296
all others	27	0.891931572587
all others	27	0.878040869721
all features	28	0.600339626957
all features	28	0.407991625237
all features	28	-0.000152737098296
all features	28	8.78671605684
all features	28	1.41696513555
all features	28	8.78671605684
all features	28	8.78671605684
all features	28	8.78671605684
all features	28	-0.000152737098296
all features	28	8.78671605684
all features	28	-0.000152737098296
all others	28	0.283138819128
all others	28	0.554753013305
all others	28	4.3291319394
all others	28	-0.000152737098296
all others	28	1.30039290743
all others	28	0.574467355072
all others	28	0.536958540045
all others	28	0.603411030663
all others	28	-0.000152737098296
all others	28	0.891931572587
all others	28	0.878040869721
all features	29	0.564230480164
all features	29	8.78671605684
all features	29	8.78671605684
all features	29	8.78671605684
all features	29	8.78671605684
all features	29	8.78671605684
all features	29	8.78671605684
all features	29	8.78671605684
all features	29	8.78671605684
all features	29	8.78671605684
all features	29	8.78671605684
all others	29	0.283138819128
all others	29	0.554753013305
all others	29	4.3291319394
all others	29	-0.000152737098296
all others	29	1.30039290743
all others	29	0.574467355072
all others	29	0.536958540045
all others	29	0.603411030663
all others	29	-0.000152737098296
all others	29	0.891931572587
all others	29	0.878040869721
all features	30	8.78671605684
all features	30	8.78671605684
all features	30	8.78671605684
all features	30	8.78671605684
all features	30	8.78671605684
all features	30	8.78671605684
all features	30	8.78671605684
all features	30	8.78671605684
all features	30	8.78671605684
all features	30	8.78671605684
all features	30	8.78671605684
all others	30	0.283138819128
all others	30	0.554753013305
all others	30	4.3291319394
all others	30	-0.000152737098296
all others	30	1.30039290743
all others	30	0.574467355072
all others	30	0.536958540045
all others	30	0.603411030663
all others	30	-0.000152737098296
all others	30	0.891931572587
all others	30	0.878040869721
all features	31	8.78671605684
all features	31	8.78671605684
all features	31	8.78671605684
all features	31	8.78671605684
all features	31	8.78671605684
all features	31	8.78671605684
all features	31	1.51140753282
all features	31	8.78671605684
all features	31	8.78671605684
all features	31	8.78671605684
all features	31	8.78671605684
all others	31	0.283138819128
all others	31	0.554753013305
all others	31	4.3291319394
all others	31	-0.000152737098296
all others	31	1.30039290743
all others	31	0.574467355072
all others	31	0.536958540045
all others	31	0.603411030663
all others	31	-0.000152737098296
all others	31	0.891931572587
all others	31	0.878040869721
all features	32	8.78671605684
all features	32	0.822164537303
all features	32	8.78671605684
all features	32	8.78671605684
all features	32	8.78671605684
all features	32	8.78671605684
all features	32	8.78671605684
all features	32	8.78671605684
all features	32	-0.000152737098296
all features	32	8.78671605684
all features	32	8.78671605684
all others	32	0.283138819128
all others	32	0.554753013305
all others	32	4.3291319394
all others	32	-0.000152737098296
all others	32	1.30039290743
all others	32	0.574467355072
all others	32	0.536958540045
all others	32	0.603411030663
all others	32	-0.000152737098296
all others	32	0.891931572587
all others	32	0.878040869721
all features	33	-0.000152737098296
all features	33	1.52006587292
all features	33	8.78671605684
all features	33	8.78671605684
all features	33	8.78671605684
all features	33	0.0388616774363
all features	33	8.78671605684
all features	33	8.78671605684
all features	33	8.78671605684
all features	33	-0.000152737098296
all features	33	8.78671605684
all others	33	0.283138819128
all others	33	0.554753013305
all others	33	4.3291319394
all others	33	-0.000152737098296
all others	33	1.30039290743
all others	33	0.574467355072
all others	33	0.536958540045
all others	33	0.603411030663
all others	33	-0.000152737098296
all others	33	0.891931572587
all others	33	0.878040869721
all features	34	8.78671605684
all features	34	8.78671605684
all features	34	-0.000152737098296
all features	34	8.78671605684
all features	34	8.78671605684
all features	34	8.78671605684
all features	34	8.78671605684
all features	34	8.78671605684
all features	34	8.78671605684
all features	34	-0.000152737098296
all features	34	8.78671605684
all others	34	0.283138819128
all others	34	0.554753013305
all others	34	4.3291319394
all others	34	-0.000152737098296
all others	34	1.30039290743
all others	34	0.574467355072
all others	34	0.536958540045
all others	34	0.603411030663
all others	34	-0.000152737098296
all others	34	0.891931572587
all others	34	0.878040869721
all features	35	8.78671605684
all features	35	0.86510390735
all features	35	8.78671605684
all features	35	8.78671605684
all features	35	8.78671605684
all features	35	3.47099441347
all features	35	8.78671605684
all features	35	8.78671605684
all features	35	8.78671605684
all features	35	8.78671605684
all features	35	8.78671605684
all others	35	0.283138819128
all others	35	0.554753013305
all others	35	4.3291319394
all others	35	-0.000152737098296
all others	35	1.30039290743
all others	35	0.574467355072
all others	35	0.536958540045
all others	35	0.603411030663
all others	35	-0.000152737098296
all others	35	0.891931572587
all others	35	0.878040869721
all features	36	8.78671605684
all features	36	8.78671605684
all features	36	8.78671605684
all features	36	8.78671605684
all features	36	8.78671605684
all features	36	8.78671605684
all features	36	8.78671605684
all features	36	8.78671605684
all features	36	8.78671605684
all features	36	8.78671605684
all features	36	8.78671605684
all others	36	0.283138819128
all others	36	0.554753013305
all others	36	4.3291319394
all others	36	-0.000152737098296
all others	36	1.30039290743
all others	36	0.574467355072
all others	36	0.536958540045
all others	36	0.603411030663
all others	36	-0.000152737098296
all others	36	0.891931572587
all others	36	0.878040869721
all features	37	8.78671605684
all features	37	8.78671605684
all features	37	8.78671605684
all features	37	8.78671605684
all features	37	1.52006587292
all features	37	8.78671605684
all features	37	8.78671605684
all features	37	8.78671605684
all features	37	-0.000152737098296
all features	37	8.78671605684
all features	37	8.78671605684
all others	37	0.283138819128
all others	37	0.554753013305
all others	37	4.3291319394
all others	37	-0.000152737098296
all others	37	1.30039290743
all others	37	0.574467355072
all others	37	0.536958540045
all others	37	0.603411030663
all others	37	-0.000152737098296
all others	37	0.891931572587
all others	37	0.878040869721
all features	38	8.78671605684
all features	38	8.78671605684
all features	38	8.78671605684
all features	38	8.78671605684
all features	38	8.78671605684
all features	38	8.78671605684
all features	38	8.78671605684
all features	38	8.78671605684
all features	38	8.78671605684
all features	38	8.78671605684
all features	38	8.78671605684
all others	38	0.283138819128
all others	38	0.554753013305
all others	38	4.3291319394
all others	38	-0.000152737098296
all others	38	1.30039290743
all others	38	0.574467355072
all others	38	0.536958540045
all others	38	0.603411030663
all others	38	-0.000152737098296
all others	38	0.891931572587
all others	38	0.878040869721
all features	39	-0.000152737098296
all features	39	8.78671605684
all features	39	8.78671605684
all features	39	8.78671605684
all features	39	8.78671605684
all features	39	8.78671605684
all features	39	8.78671605684
all features	39	8.78671605684
all features	39	8.78671605684
all features	39	8.78671605684
all features	39	1.89495475676
all others	39	0.283138819128
all others	39	0.554753013305
all others	39	4.3291319394
all others	39	-0.000152737098296
all others	39	1.30039290743
all others	39	0.574467355072
all others	39	0.536958540045
all others	39	0.603411030663
all others	39	-0.000152737098296
all others	39	0.891931572587
all others	39	0.878040869721
all features	40	8.78671605684
all features	40	-0.000152737098296
all features	40	8.78671605684
all features	40	8.78671605684
all features	40	8.78671605684
all features	40	8.78671605684
all features	40	8.78671605684
all features	40	-0.000152737098296
all features	40	1.52006587292
all features	40	8.78671605684
all features	40	8.78671605684
all others	40	0.283138819128
all others	40	0.554753013305
all others	40	4.3291319394
all others	40	-0.000152737098296
all others	40	1.30039290743
all others	40	0.574467355072
all others	40	0.536958540045
all others	40	0.603411030663
all others	40	-0.000152737098296
all others	40	0.891931572587
all others	40	0.878040869721
all features	41	8.78671605684
all features	41	8.78671605684
all features	41	-0.000152737098296
all features	41	8.78671605684
all features	41	8.78671605684
all features	41	8.78671605684
all features	41	8.78671605684
all features	41	8.78671605684
all features	41	8.78671605684
all features	41	8.78671605684
all features	41	8.78671605684
all others	41	0.283138819128
all others	41	0.554753013305
all others	41	4.3291319394
all others	41	-0.000152737098296
all others	41	1.30039290743
all others	41	0.574467355072
all others	41	0.536958540045
all others	41	0.603411030663
all others	41	-0.000152737098296
all others	41	0.891931572587
all others	41	0.878040869721
all features	42	8.78671605684
all features	42	8.78671605684
all features	42	3.14538474557
all features	42	8.78671605684
all features	42	8.78671605684
all features	42	8.78671605684
all features	42	-0.000152737098296
all features	42	8.78671605684
all features	42	8.78671605684
all features	42	8.78671605684
all features	42	8.78671605684
all others	42	0.283138819128
all others	42	0.554753013305
all others	42	4.3291319394
all others	42	-0.000152737098296
all others	42	1.30039290743
all others	42	0.574467355072
all others	42	0.536958540045
all others	42	0.603411030663
all others	42	-0.000152737098296
all others	42	0.891931572587
all others	42	0.878040869721
all features	43	8.78671605684
all features	43	8.78671605684
all features	43	8.78671605684
all features	43	8.78671605684
all features	43	8.78671605684
all features	43	8.78671605684
all features	43	8.78671605684
all features	43	8.78671605684
all features	43	8.78671605684
all features	43	8.78671605684
all features	43	0.86510390735
all others	43	0.283138819128
all others	43	0.554753013305
all others	43	4.3291319394
all others	43	-0.000152737098296
all others	43	1.30039290743
all others	43	0.574467355072
all others	43	0.536958540045
all others	43	0.603411030663
all others	43	-0.000152737098296
all others	43	0.891931572587
all others	43	0.878040869721
all features	44	8.78671605684
all features	44	8.78671605684
all features	44	8.78671605684
all features	44	8.78671605684
all features	44	8.78671605684
all features	44	-0.000152737098296
all features	44	8.78671605684
all features	44	8.78671605684
all features	44	8.78671605684
all features	44	8.78671605684
all features	44	8.78671605684
all others	44	0.283138819128
all others	44	0.554753013305
all others	44	4.3291319394
all others	44	-0.000152737098296
all others	44	1.30039290743
all others	44	0.574467355072
all others	44	0.536958540045
all others	44	0.603411030663
all others	44	-0.000152737098296
all others	44	0.891931572587
all others	44	0.878040869721
all features	45	8.78671605684
all features	45	8.78671605684
all features	45	8.78671605684
all features	45	8.78671605684
all features	45	8.78671605684
all features	45	8.78671605684
all features	45	8.78671605684
all features	45	8.78671605684
all features	45	3.47099441347
all features	45	8.78671605684
all features	45	8.78671605684
all others	45	0.283138819128
all others	45	0.554753013305
all others	45	4.3291319394
all others	45	-0.000152737098296
all others	45	1.30039290743
all others	45	0.574467355072
all others	45	0.536958540045
all others	45	0.603411030663
all others	45	-0.000152737098296
all others	45	0.891931572587
all others	45	0.878040869721
all features	46	8.78671605684
all features	46	8.78671605684
all features	46	8.78671605684
all features	46	8.78671605684
all features	46	8.78671605684
all features	46	8.78671605684
all features	46	8.78671605684
all features	46	8.78671605684
all features	46	8.78671605684
all features	46	8.78671605684
all features	46	8.78671605684
all others	46	0.283138819128
all others	46	0.554753013305
all others	46	4.3291319394
all others	46	-0.000152737098296
all others	46	1.30039290743
all others	46	0.574467355072
all others	46	0.536958540045
all others	46	0.603411030663
all others	46	-0.000152737098296
all others	46	0.891931572587
all others	46	0.878040869721
all features	47	8.78671605684
all features	47	3.20647642588
all features	47	0.86510390735
all features	47	8.78671605684
all features	47	8.78671605684
all features	47	8.78671605684
all features	47	-0.000152737098296
all features	47	8.78671605684
all features	47	8.78671605684
all features	47	8.78671605684
all features	47	8.78671605684
all others	47	0.283138819128
all others	47	0.554753013305
all others	47	4.3291319394
all others	47	-0.000152737098296
all others	47	1.30039290743
all others	47	0.574467355072
all others	47	0.536958540045
all others	47	0.603411030663
all others	47	-0.000152737098296
all others	47	0.891931572587
all others	47	0.878040869721
all features	48	8.78671605684
all features	48	8.78671605684
all features	48	-0.000152737098296
all features	48	1.89495475676
all features	48	8.78671605684
all features	48	8.78671605684
all features	48	8.78671605684
all features	48	8.78671605684
all features	48	8.78671605684
all features	48	8.78671605684
all features	48	8.78671605684
all others	48	0.283138819128
all others	48	0.554753013305
all others	48	4.3291319394
all others	48	-0.000152737098296
all others	48	1.30039290743
all others	48	0.574467355072
all others	48	0.536958540045
all others	48	0.603411030663
all others	48	-0.000152737098296
all others	48	0.891931572587
all others	48	0.878040869721
all features	49	8.78671605684
all features	49	8.78671605684
all features	49	8.78671605684
all features	49	8.78671605684
all features	49	8.78671605684
all features	49	8.78671605684
all features	49	8.78671605684
all features	49	-0.000152737098296
all features	49	8.78671605684
all features	49	3.14538474557
all features	49	8.78671605684
all others	49	0.283138819128
all others	49	0.554753013305
all others	49	4.3291319394
all others	49	-0.000152737098296
all others	49	1.30039290743
all others	49	0.574467355072
all others	49	0.536958540045
all others	49	0.603411030663
all others	49	-0.000152737098296
all others	49	0.891931572587
all others	49	0.878040869721
all features	50	8.78671605684
all features	50	8.78671605684
all features	50	8.78671605684
all features	50	8.78671605684
all features	50	8.78671605684
all features	50	8.78671605684
all features	50	8.78671605684
all features	50	8.78671605684
all features	50	8.78671605684
all features	50	8.78671605684
all features	50	8.78671605684
all others	50	0.283138819128
all others	50	0.554753013305
all others	50	4.3291319394
all others	50	-0.000152737098296
all others	50	1.30039290743
all others	50	0.574467355072
all others	50	0.536958540045
all others	50	0.603411030663
all others	50	-0.000152737098296
all others	50	0.891931572587
all others	50	0.878040869721
all features	51	8.78671605684
all features	51	8.78671605684
all features	51	0.0388616774363
all features	51	8.78671605684
all features	51	8.78671605684
all features	51	8.78671605684
all features	51	3.47099441347
all features	51	8.78671605684
all features	51	8.78671605684
all features	51	8.78671605684
all features	51	8.78671605684
all others	51	0.283138819128
all others	51	0.554753013305
all others	51	4.3291319394
all others	51	-0.000152737098296
all others	51	1.30039290743
all others	51	0.574467355072
all others	51	0.536958540045
all others	51	0.603411030663
all others	51	-0.000152737098296
all others	51	0.891931572587
all others	51	0.878040869721
all features	52	8.78671605684
all features	52	8.78671605684
all features	52	8.78671605684
all features	52	8.78671605684
all features	52	8.78671605684
all features	52	8.78671605684
all features	52	8.78671605684
all features	52	8.78671605684
all features	52	8.78671605684
all features	52	-0.000152737098296
all features	52	8.78671605684
all others	52	0.283138819128
all others	52	0.554753013305
all others	52	4.3291319394
all others	52	-0.000152737098296
all others	52	1.30039290743
all others	52	0.574467355072
all others	52	0.536958540045
all others	52	0.603411030663
all others	52	-0.000152737098296
all others	52	0.891931572587
all others	52	0.878040869721
all features	53	8.78671605684
all features	53	8.78671605684
all features	53	8.78671605684
all features	53	8.78671605684
all features	53	8.78671605684
all features	53	1.52006587292
all features	53	8.78671605684
all features	53	-0.000152737098296
all features	53	8.78671605684
all features	53	8.78671605684
all features	53	8.78671605684
all others	53	0.283138819128
all others	53	0.554753013305
all others	53	4.3291319394
all others	53	-0.000152737098296
all others	53	1.30039290743
all others	53	0.574467355072
all others	53	0.536958540045
all others	53	0.603411030663
all others	53	-0.000152737098296
all others	53	0.891931572587
all others	53	0.878040869721
all features	54	8.78671605684
all features	54	8.78671605684
all features	54	8.78671605684
all features	54	8.78671605684
all features	54	8.78671605684
all features	54	8.78671605684
all features	54	-0.000152737098296
all features	54	8.78671605684
all features	54	8.78671605684
all features	54	8.78671605684
all features	54	8.78671605684
all others	54	0.283138819128
all others	54	0.554753013305
all others	54	4.3291319394
all others	54	-0.000152737098296
all others	54	1.30039290743
all others	54	0.574467355072
all others	54	0.536958540045
all others	54	0.603411030663
all others	54	-0.000152737098296
all others	54	0.891931572587
all others	54	0.878040869721
all features	55	8.78671605684
all features	55	8.78671605684
all features	55	8.78671605684
all features	55	8.78671605684
all features	55	8.78671605684
all features	55	8.78671605684
all features	55	8.78671605684
all features	55	8.78671605684
all features	55	-0.000152737098296
all features	55	8.78671605684
all features	55	8.78671605684
all others	55	0.283138819128
all others	55	0.554753013305
all others	55	4.3291319394
all others	55	-0.000152737098296
all others	55	1.30039290743
all others	55	0.574467355072
all others	55	0.536958540045
all others	55	0.603411030663
all others	55	-0.000152737098296
all others	55	0.891931572587
all others	55	0.878040869721
all features	56	8.78671605684
all features	56	8.78671605684
all features	56	8.78671605684
all features	56	8.78671605684
all features	56	8.78671605684
all features	56	8.78671605684
all features	56	8.78671605684
all features	56	8.78671605684
all features	56	8.78671605684
all features	56	0.564230480164
all features	56	8.78671605684
all others	56	0.283138819128
all others	56	0.554753013305
all others	56	4.3291319394
all others	56	-0.000152737098296
all others	56	1.30039290743
all others	56	0.574467355072
all others	56	0.536958540045
all others	56	0.603411030663
all others	56	-0.000152737098296
all others	56	0.891931572587
all others	56	0.878040869721
all features	57	8.78671605684
all features	57	8.78671605684
all features	57	8.78671605684
all features	57	-0.000152737098296
all features	57	8.78671605684
all features	57	8.78671605684
all features	57	8.78671605684
all features	57	8.78671605684
all features	57	8.78671605684
all features	57	8.78671605684
all features	57	8.78671605684
all others	57	0.283138819128
all others	57	0.554753013305
all others	57	4.3291319394
all others	57	-0.000152737098296
all others	57	1.30039290743
all others	57	0.574467355072
all others	57	0.536958540045
all others	57	0.603411030663
all others	57	-0.000152737098296
all others	57	0.891931572587
all others	57	0.878040869721
all features	58	0.600339626957
all features	58	8.78671605684
all features	58	8.78671605684
all features	58	1.41696513555
all features	58	8.78671605684
all features	58	8.78671605684
all features	58	8.78671605684
all features	58	8.78671605684
all features	58	8.78671605684
all features	58	8.78671605684
all features	58	8.78671605684
all others	58	0.283138819128
all others	58	0.554753013305
all others	58	4.3291319394
all others	58	-0.000152737098296
all others	58	1.30039290743
all others	58	0.574467355072
all others	58	0.536958540045
all others	58	0.603411030663
all others	58	-0.000152737098296
all others	58	0.891931572587
all others	58	0.878040869721
all features	59	8.78671605684
all features	59	8.78671605684
all features	59	8.78671605684
all features	59	8.78671605684
all features	59	8.78671605684
all features	59	8.78671605684
all features	59	8.78671605684
all features	59	8.78671605684
all features	59	8.78671605684
all features	59	8.78671605684
all features	59	8.78671605684
all others	59	0.283138819128
all others	59	0.554753013305
all others	59	4.3291319394
all others	59	-0.000152737098296
all others	59	1.30039290743
all others	59	0.574467355072
all others	59	0.536958540045
all others	59	0.603411030663
all others	59	-0.000152737098296
all others	59	0.891931572587
all others	59	0.878040869721
all features	60	8.78671605684
all features	60	8.78671605684
all features	60	8.78671605684
all features	60	-0.000152737098296
all features	60	8.78671605684
all features	60	8.78671605684
all features	60	8.78671605684
all features	60	8.78671605684
all features	60	8.78671605684
all features	60	8.78671605684
all features	60	8.78671605684
all others	60	0.283138819128
all others	60	0.554753013305
all others	60	4.3291319394
all others	60	-0.000152737098296
all others	60	1.30039290743
all others	60	0.574467355072
all others	60	0.536958540045
all others	60	0.603411030663
all others	60	-0.000152737098296
all others	60	0.891931572587
all others	60	0.878040869721
all features	61	8.78671605684
all features	61	8.78671605684
all features	61	8.78671605684
all features	61	8.78671605684
all features	61	8.78671605684
all features	61	-0.000152737098296
all features	61	8.78671605684
all features	61	8.78671605684
all features	61	8.78671605684
all features	61	8.78671605684
all features	61	8.78671605684
all others	61	0.283138819128
all others	61	0.554753013305
all others	61	4.3291319394
all others	61	-0.000152737098296
all others	61	1.30039290743
all others	61	0.574467355072
all others	61	0.536958540045
all others	61	0.603411030663
all others	61	-0.000152737098296
all others	61	0.891931572587
all others	61	0.878040869721
all features	62	8.78671605684
all features	62	8.78671605684
all features	62	8.78671605684
all features	62	8.78671605684
all features	62	8.78671605684
all features	62	8.78671605684
all features	62	-0.000152737098296
all features	62	8.78671605684
all features	62	8.78671605684
all features	62	8.78671605684
all features	62	8.78671605684
all others	62	0.283138819128
all others	62	0.554753013305
all others	62	4.3291319394
all others	62	-0.000152737098296
all others	62	1.30039290743
all others	62	0.574467355072
all others	62	0.536958540045
all others	62	0.603411030663
all others	62	-0.000152737098296
all others	62	0.891931572587
all others	62	0.878040869721
all features	63	8.78671605684
all features	63	8.78671605684
all features	63	8.78671605684
all features	63	8.78671605684
all features	63	8.78671605684
all features	63	8.78671605684
all features	63	8.78671605684
all features	63	3.20647642588
all features	63	8.78671605684
all features	63	8.78671605684
all features	63	8.78671605684
all others	63	0.283138819128
all others	63	0.554753013305
all others	63	4.3291319394
all others	63	-0.000152737098296
all others	63	1.30039290743
all others	63	0.574467355072
all others	63	0.536958540045
all others	63	0.603411030663
all others	63	-0.000152737098296
all others	63	0.891931572587
all others	63	0.878040869721
all features	64	8.78671605684
all features	64	8.78671605684
all features	64	8.78671605684
all features	64	8.78671605684
all features	64	8.78671605684
all features	64	8.78671605684
all features	64	8.78671605684
all features	64	8.78671605684
all features	64	8.78671605684
all features	64	-0.000152737098296
all features	64	8.78671605684
all others	64	0.283138819128
all others	64	0.554753013305
all others	64	4.3291319394
all others	64	-0.000152737098296
all others	64	1.30039290743
all others	64	0.574467355072
all others	64	0.536958540045
all others	64	0.603411030663
all others	64	-0.000152737098296
all others	64	0.891931572587
all others	64	0.878040869721
all features	65	8.78671605684
all features	65	8.78671605684
all features	65	8.78671605684
all features	65	8.78671605684
all features	65	8.78671605684
all features	65	8.78671605684
all features	65	-0.000152737098296
all features	65	8.78671605684
all features	65	8.78671605684
all features	65	8.78671605684
all features	65	8.78671605684
all others	65	0.283138819128
all others	65	0.554753013305
all others	65	4.3291319394
all others	65	-0.000152737098296
all others	65	1.30039290743
all others	65	0.574467355072
all others	65	0.536958540045
all others	65	0.603411030663
all others	65	-0.000152737098296
all others	65	0.891931572587
all others	65	0.878040869721
all features	66	8.78671605684
all features	66	8.78671605684
all features	66	8.78671605684
all features	66	8.78671605684
all features	66	8.78671605684
all features	66	8.78671605684
all features	66	8.78671605684
all features	66	8.78671605684
all features	66	8.78671605684
all features	66	8.78671605684
all features	66	8.78671605684
all others	66	0.283138819128
all others	66	0.554753013305
all others	66	4.3291319394
all others	66	-0.000152737098296
all others	66	1.30039290743
all others	66	0.574467355072
all others	66	0.536958540045
all others	66	0.603411030663
all others	66	-0.000152737098296
all others	66	0.891931572587
all others	66	0.878040869721
all features	67	8.78671605684
all features	67	8.78671605684
all features	67	8.78671605684
all features	67	8.78671605684
all features	67	8.78671605684
all features	67	8.78671605684
all features	67	8.78671605684
all features	67	1.51140753282
all features	67	8.78671605684
all features	67	8.78671605684
all features	67	8.78671605684
all others	67	0.283138819128
all others	67	0.554753013305
all others	67	4.3291319394
all others	67	-0.000152737098296
all others	67	1.30039290743
all others	67	0.574467355072
all others	67	0.536958540045
all others	67	0.603411030663
all others	67	-0.000152737098296
all others	67	0.891931572587
all others	67	0.878040869721
all features	68	8.78671605684
all features	68	8.78671605684
all features	68	8.78671605684
all features	68	8.78671605684
all features	68	8.78671605684
all features	68	8.78671605684
all features	68	-0.000152737098296
all features	68	8.78671605684
all features	68	8.78671605684
all features	68	8.78671605684
all features	68	8.78671605684
all others	68	0.283138819128
all others	68	0.554753013305
all others	68	4.3291319394
all others	68	-0.000152737098296
all others	68	1.30039290743
all others	68	0.574467355072
all others	68	0.536958540045
all others	68	0.603411030663
all others	68	-0.000152737098296
all others	68	0.891931572587
all others	68	0.878040869721
all features	69	8.78671605684
all features	69	8.78671605684
all features	69	8.78671605684
all features	69	8.78671605684
all features	69	8.78671605684
all features	69	8.78671605684
all features	69	8.78671605684
all features	69	8.78671605684
all features	69	8.78671605684
all features	69	8.78671605684
all features	69	8.78671605684
all others	69	0.283138819128
all others	69	0.554753013305
all others	69	4.3291319394
all others	69	-0.000152737098296
all others	69	1.30039290743
all others	69	0.574467355072
all others	69	0.536958540045
all others	69	0.603411030663
all others	69	-0.000152737098296
all others	69	0.891931572587
all others	69	0.878040869721
all features	70	8.78671605684
all features	70	8.78671605684
all features	70	8.78671605684
all features	70	8.78671605684
all features	70	8.78671605684
all features	70	8.78671605684
all features	70	8.78671605684
all features	70	8.78671605684
all features	70	-0.000152737098296
all features	70	8.78671605684
all features	70	-0.000152737098296
all others	70	0.283138819128
all others	70	0.554753013305
all others	70	4.3291319394
all others	70	-0.000152737098296
all others	70	1.30039290743
all others	70	0.574467355072
all others	70	0.536958540045
all others	70	0.603411030663
all others	70	-0.000152737098296
all others	70	0.891931572587
all others	70	0.878040869721
all features	71	8.78671605684
all features	71	8.78671605684
all features	71	8.78671605684
all features	71	8.78671605684
all features	71	8.78671605684
all features	71	8.78671605684
all features	71	8.78671605684
all features	71	8.78671605684
all features	71	8.78671605684
all features	71	8.78671605684
all features	71	8.78671605684
all others	71	0.283138819128
all others	71	0.554753013305
all others	71	4.3291319394
all others	71	-0.000152737098296
all others	71	1.30039290743
all others	71	0.574467355072
all others	71	0.536958540045
all others	71	0.603411030663
all others	71	-0.000152737098296
all others	71	0.891931572587
all others	71	0.878040869721
all features	72	8.78671605684
all features	72	-0.000152737098296
all features	72	8.78671605684
all features	72	8.78671605684
all features	72	8.78671605684
all features	72	8.78671605684
all features	72	8.78671605684
all features	72	8.78671605684
all features	72	8.78671605684
all features	72	8.78671605684
all features	72	8.78671605684
all others	72	0.283138819128
all others	72	0.554753013305
all others	72	4.3291319394
all others	72	-0.000152737098296
all others	72	1.30039290743
all others	72	0.574467355072
all others	72	0.536958540045
all others	72	0.603411030663
all others	72	-0.000152737098296
all others	72	0.891931572587
all others	72	0.878040869721
all features	73	8.78671605684
all features	73	8.78671605684
all features	73	8.78671605684
all features	73	8.78671605684
all features	73	3.14538474557
all features	73	8.78671605684
all features	73	8.78671605684
all features	73	1.52006587292
all features	73	8.78671605684
all features	73	8.78671605684
all features	73	8.78671605684
all others	73	0.283138819128
all others	73	0.554753013305
all others	73	4.3291319394
all others	73	-0.000152737098296
all others	73	1.30039290743
all others	73	0.574467355072
all others	73	0.536958540045
all others	73	0.603411030663
all others	73	-0.000152737098296
all others	73	0.891931572587
all others	73	0.878040869721
all features	74	8.78671605684
all features	74	8.78671605684
all features	74	8.78671605684
all features	74	8.78671605684
all features	74	8.78671605684
all features	74	8.78671605684
all features	74	8.78671605684
all features	74	8.78671605684
all features	74	8.78671605684
all features	74	8.78671605684
all features	74	-0.000152737098296
all others	74	0.283138819128
all others	74	0.554753013305
all others	74	4.3291319394
all others	74	-0.000152737098296
all others	74	1.30039290743
all others	74	0.574467355072
all others	74	0.536958540045
all others	74	0.603411030663
all others	74	-0.000152737098296
all others	74	0.891931572587
all others	74	0.878040869721
all features	75	8.78671605684
all features	75	8.78671605684
all features	75	8.78671605684
all features	75	8.78671605684
all features	75	8.78671605684
all features	75	8.78671605684
all features	75	1.52006587292
all features	75	8.78671605684
all features	75	8.78671605684
all features	75	8.78671605684
all features	75	8.78671605684
all others	75	0.283138819128
all others	75	0.554753013305
all others	75	4.3291319394
all others	75	-0.000152737098296
all others	75	1.30039290743
all others	75	0.574467355072
all others	75	0.536958540045
all others	75	0.603411030663
all others	75	-0.000152737098296
all others	75	0.891931572587
all others	75	0.878040869721
all features	76	8.78671605684
all features	76	8.78671605684
all features	76	8.78671605684
all features	76	8.78671605684
all features	76	8.78671605684
all features	76	8.78671605684
all features	76	8.78671605684
all features	76	8.78671605684
all features	76	8.78671605684
all features	76	8.78671605684
all features	76	0.86510390735
all others	76	0.283138819128
all others	76	0.554753013305
all others	76	4.3291319394
all others	76	-0.000152737098296
all others	76	1.30039290743
all others	76	0.574467355072
all others	76	0.536958540045
all others	76	0.603411030663
all others	76	-0.000152737098296
all others	76	0.891931572587
all others	76	0.878040869721
all features	77	8.78671605684
all features	77	8.78671605684
all features	77	8.78671605684
all features	77	8.78671605684
all features	77	8.78671605684
all features	77	8.78671605684
all features	77	8.78671605684
all features	77	8.78671605684
all features	77	8.78671605684
all features	77	8.78671605684
all features	77	8.78671605684
all others	77	0.283138819128
all others	77	0.554753013305
all others	77	4.3291319394
all others	77	-0.000152737098296
all others	77	1.30039290743
all others	77	0.574467355072
all others	77	0.536958540045
all others	77	0.603411030663
all others	77	-0.000152737098296
all others	77	0.891931572587
all others	77	0.878040869721
all features	78	8.78671605684
all features	78	3.14538474557
all features	78	8.78671605684
all features	78	8.78671605684
all features	78	8.78671605684
all features	78	8.78671605684
all features	78	8.78671605684
all features	78	8.78671605684
all features	78	8.78671605684
all features	78	8.78671605684
all features	78	8.78671605684
all others	78	0.283138819128
all others	78	0.554753013305
all others	78	4.3291319394
all others	78	-0.000152737098296
all others	78	1.30039290743
all others	78	0.574467355072
all others	78	0.536958540045
all others	78	0.603411030663
all others	78	-0.000152737098296
all others	78	0.891931572587
all others	78	0.878040869721
all features	79	8.78671605684
all features	79	3.14538474557
all features	79	8.78671605684
all features	79	8.78671605684
all features	79	8.78671605684
all features	79	8.78671605684
all features	79	8.78671605684
all features	79	8.78671605684
all features	79	8.78671605684
all features	79	8.78671605684
all features	79	8.78671605684
all others	79	0.283138819128
all others	79	0.554753013305
all others	79	4.3291319394
all others	79	-0.000152737098296
all others	79	1.30039290743
all others	79	0.574467355072
all others	79	0.536958540045
all others	79	0.603411030663
all others	79	-0.000152737098296
all others	79	0.891931572587
all others	79	0.878040869721
all features	80	8.78671605684
all features	80	8.78671605684
all features	80	8.78671605684
all features	80	8.78671605684
all features	80	8.78671605684
all features	80	8.78671605684
all features	80	8.78671605684
all features	80	8.78671605684
all features	80	8.78671605684
all features	80	8.78671605684
all features	80	8.78671605684
all others	80	0.283138819128
all others	80	0.554753013305
all others	80	4.3291319394
all others	80	-0.000152737098296
all others	80	1.30039290743
all others	80	0.574467355072
all others	80	0.536958540045
all others	80	0.603411030663
all others	80	-0.000152737098296
all others	80	0.891931572587
all others	80	0.878040869721
all features	81	8.78671605684
all features	81	8.78671605684
all features	81	8.78671605684
all features	81	8.78671605684
all features	81	8.78671605684
all features	81	8.78671605684
all features	81	8.78671605684
all features	81	8.78671605684
all features	81	8.78671605684
all features	81	8.78671605684
all features	81	8.78671605684
all others	81	0.283138819128
all others	81	0.554753013305
all others	81	4.3291319394
all others	81	-0.000152737098296
all others	81	1.30039290743
all others	81	0.574467355072
all others	81	0.536958540045
all others	81	0.603411030663
all others	81	-0.000152737098296
all others	81	0.891931572587
all others	81	0.878040869721
all features	82	8.78671605684
all features	82	-0.000152737098296
all features	82	8.78671605684
all features	82	8.78671605684
all features	82	8.78671605684
all features	82	8.78671605684
all features	82	8.78671605684
all features	82	8.78671605684
all features	82	8.78671605684
all features	82	8.78671605684
all features	82	8.78671605684
all others	82	0.283138819128
all others	82	0.554753013305
all others	82	4.3291319394
all others	82	-0.000152737098296
all others	82	1.30039290743
all others	82	0.574467355072
all others	82	0.536958540045
all others	82	0.603411030663
all others	82	-0.000152737098296
all others	82	0.891931572587
all others	82	0.878040869721
all features	83	-0.000152737098296
all features	83	8.78671605684
all features	83	8.78671605684
all features	83	8.78671605684
all features	83	8.78671605684
all features	83	8.78671605684
all features	83	8.78671605684
all features	83	8.78671605684
all features	83	8.78671605684
all features	83	8.78671605684
all features	83	8.78671605684
all others	83	0.283138819128
all others	83	0.554753013305
all others	83	4.3291319394
all others	83	-0.000152737098296
all others	83	1.30039290743
all others	83	0.574467355072
all others	83	0.536958540045
all others	83	0.603411030663
all others	83	-0.000152737098296
all others	83	0.891931572587
all others	83	0.878040869721
all features	84	8.78671605684
all features	84	8.78671605684
all features	84	8.78671605684
all features	84	8.78671605684
all features	84	8.78671605684
all features	84	8.78671605684
all features	84	3.47099441347
all features	84	-0.000152737098296
all features	84	8.78671605684
all features	84	8.78671605684
all features	84	8.78671605684
all others	84	0.283138819128
all others	84	0.554753013305
all others	84	4.3291319394
all others	84	-0.000152737098296
all others	84	1.30039290743
all others	84	0.574467355072
all others	84	0.536958540045
all others	84	0.603411030663
all others	84	-0.000152737098296
all others	84	0.891931572587
all others	84	0.878040869721
all features	85	8.78671605684
all features	85	8.78671605684
all features	85	8.78671605684
all features	85	8.78671605684
all features	85	8.78671605684
all features	85	8.78671605684
all features	85	8.78671605684
all features	85	8.78671605684
all features	85	8.78671605684
all features	85	8.78671605684
all features	85	3.20647642588
all others	85	0.283138819128
all others	85	0.554753013305
all others	85	4.3291319394
all others	85	-0.000152737098296
all others	85	1.30039290743
all others	85	0.574467355072
all others	85	0.536958540045
all others	85	0.603411030663
all others	85	-0.000152737098296
all others	85	0.891931572587
all others	85	0.878040869721
all features	86	8.78671605684
all features	86	8.78671605684
all features	86	8.78671605684
all features	86	8.78671605684
all features	86	8.78671605684
all features	86	8.78671605684
all features	86	8.78671605684
all features	86	8.78671605684
all features	86	8.78671605684
all features	86	8.78671605684
all features	86	8.78671605684
all others	86	0.283138819128
all others	86	0.554753013305
all others	86	4.3291319394
all others	86	-0.000152737098296
all others	86	1.30039290743
all others	86	0.574467355072
all others	86	0.536958540045
all others	86	0.603411030663
all others	86	-0.000152737098296
all others	86	0.891931572587
all others	86	0.878040869721
all features	87	8.78671605684
all features	87	8.78671605684
all features	87	8.78671605684
all features	87	8.78671605684
all features	87	8.78671605684
all features	87	8.78671605684
all features	87	8.78671605684
all features	87	8.78671605684
all features	87	8.78671605684
all features	87	8.78671605684
all features	87	8.78671605684
all others	87	0.283138819128
all others	87	0.554753013305
all others	87	4.3291319394
all others	87	-0.000152737098296
all others	87	1.30039290743
all others	87	0.574467355072
all others	87	0.536958540045
all others	87	0.603411030663
all others	87	-0.000152737098296
all others	87	0.891931572587
all others	87	0.878040869721
all features	88	8.78671605684
all features	88	8.78671605684
all features	88	8.78671605684
all features	88	8.78671605684
all features	88	8.78671605684
all features	88	8.78671605684
all features	88	8.78671605684
all features	88	8.78671605684
all features	88	8.78671605684
all features	88	8.78671605684
all features	88	8.78671605684
all others	88	0.283138819128
all others	88	0.554753013305
all others	88	4.3291319394
all others	88	-0.000152737098296
all others	88	1.30039290743
all others	88	0.574467355072
all others	88	0.536958540045
all others	88	0.603411030663
all others	88	-0.000152737098296
all others	88	0.891931572587
all others	88	0.878040869721
all features	89	8.78671605684
all features	89	8.78671605684
all features	89	8.78671605684
all features	89	8.78671605684
all features	89	-0.000152737098296
all features	89	8.78671605684
all features	89	8.78671605684
all features	89	-0.000152737098296
all features	89	8.78671605684
all features	89	8.78671605684
all features	89	8.78671605684
all others	89	0.283138819128
all others	89	0.554753013305
all others	89	4.3291319394
all others	89	-0.000152737098296
all others	89	1.30039290743
all others	89	0.574467355072
all others	89	0.536958540045
all others	89	0.603411030663
all others	89	-0.000152737098296
all others	89	0.891931572587
all others	89	0.878040869721
all features	90	1.47345373469
all features	90	8.78671605684
all features	90	8.78671605684
all features	90	8.78671605684
all features	90	8.78671605684
all features	90	8.78671605684
all features	90	8.78671605684
all features	90	8.78671605684
all features	90	8.78671605684
all features	90	8.78671605684
all features	90	8.78671605684
all others	90	0.283138819128
all others	90	0.554753013305
all others	90	4.3291319394
all others	90	-0.000152737098296
all others	90	1.30039290743
all others	90	0.574467355072
all others	90	0.536958540045
all others	90	0.603411030663
all others	90	-0.000152737098296
all others	90	0.891931572587
all others	90	0.878040869721
all features	91	8.78671605684
all features	91	8.78671605684
all features	91	8.78671605684
all features	91	3.14538474557
all features	91	8.78671605684
all features	91	8.78671605684
all features	91	8.78671605684
all features	91	8.78671605684
all features	91	8.78671605684
all features	91	8.78671605684
all features	91	8.78671605684
all others	91	0.283138819128
all others	91	0.554753013305
all others	91	4.3291319394
all others	91	-0.000152737098296
all others	91	1.30039290743
all others	91	0.574467355072
all others	91	0.536958540045
all others	91	0.603411030663
all others	91	-0.000152737098296
all others	91	0.891931572587
all others	91	0.878040869721
all features	92	8.78671605684
all features	92	8.78671605684
all features	92	8.78671605684
all features	92	8.78671605684
all features	92	3.47099441347
all features	92	8.78671605684
all features	92	8.78671605684
all features	92	-0.000152737098296
all features	92	0.0388616774363
all features	92	8.78671605684
all features	92	8.78671605684
all others	92	0.283138819128
all others	92	0.554753013305
all others	92	4.3291319394
all others	92	-0.000152737098296
all others	92	1.30039290743
all others	92	0.574467355072
all others	92	0.536958540045
all others	92	0.603411030663
all others	92	-0.000152737098296
all others	92	0.891931572587
all others	92	0.878040869721
all features	93	-0.000152737098296
all features	93	8.78671605684
all features	93	8.78671605684
all features	93	8.78671605684
all features	93	8.78671605684
all features	93	-0.000152737098296
all features	93	8.78671605684
all features	93	8.78671605684
all features	93	8.78671605684
all features	93	8.78671605684
all features	93	8.78671605684
all others	93	0.283138819128
all others	93	0.554753013305
all others	93	4.3291319394
all others	93	-0.000152737098296
all others	93	1.30039290743
all others	93	0.574467355072
all others	93	0.536958540045
all others	93	0.603411030663
all others	93	-0.000152737098296
all others	93	0.891931572587
all others	93	0.878040869721
all features	94	8.78671605684
all features	94	8.78671605684
all features	94	8.78671605684
all features	94	8.78671605684
all features	94	8.78671605684
all features	94	8.78671605684
all features	94	8.78671605684
all features	94	8.78671605684
all features	94	8.78671605684
all features	94	-0.000152737098296
all features	94	8.78671605684
all others	94	0.283138819128
all others	94	0.554753013305
all others	94	4.3291319394
all others	94	-0.000152737098296
all others	94	1.30039290743
all others	94	0.574467355072
all others	94	0.536958540045
all others	94	0.603411030663
all others	94	-0.000152737098296
all others	94	0.891931572587
all others	94	0.878040869721
all features	95	8.78671605684
all features	95	3.20647642588
all features	95	8.78671605684
all features	95	0.86510390735
all features	95	8.78671605684
all features	95	8.78671605684
all features	95	8.78671605684
all features	95	8.78671605684
all features	95	8.78671605684
all features	95	8.78671605684
all features	95	8.78671605684
all others	95	0.283138819128
all others	95	0.554753013305
all others	95	4.3291319394
all others	95	-0.000152737098296
all others	95	1.30039290743
all others	95	0.574467355072
all others	95	0.536958540045
all others	95	0.603411030663
all others	95	-0.000152737098296
all others	95	0.891931572587
all others	95	0.878040869721
all features	96	8.78671605684
all features	96	8.78671605684
all features	96	-0.000152737098296
all features	96	-0.000152737098296
all features	96	8.78671605684
all features	96	8.78671605684
all features	96	1.1850622346
all features	96	8.78671605684
all features	96	-0.000152737098296
all features	96	8.78671605684
all features	96	8.78671605684
all others	96	0.283138819128
all others	96	0.554753013305
all others	96	4.3291319394
all others	96	-0.000152737098296
all others	96	1.30039290743
all others	96	0.574467355072
all others	96	0.536958540045
all others	96	0.603411030663
all others	96	-0.000152737098296
all others	96	0.891931572587
all others	96	0.878040869721
all features	97	8.78671605684
all features	97	8.78671605684
all features	97	8.78671605684
all features	97	8.78671605684
all features	97	1.51140753282
all features	97	8.78671605684
all features	97	8.78671605684
all features	97	8.78671605684
all features	97	8.78671605684
all features	97	8.78671605684
all features	97	8.78671605684
all others	97	0.283138819128
all others	97	0.554753013305
all others	97	4.3291319394
all others	97	-0.000152737098296
all others	97	1.30039290743
all others	97	0.574467355072
all others	97	0.536958540045
all others	97	0.603411030663
all others	97	-0.000152737098296
all others	97	0.891931572587
all others	97	0.878040869721
all features	98	8.78671605684
all features	98	8.78671605684
all features	98	8.78671605684
all features	98	8.78671605684
all features	98	8.78671605684
all features	98	8.78671605684
all features	98	8.78671605684
all features	98	8.78671605684
all features	98	8.78671605684
all features	98	8.78671605684
all features	98	8.78671605684
all others	98	0.283138819128
all others	98	0.554753013305
all others	98	4.3291319394
all others	98	-0.000152737098296
all others	98	1.30039290743
all others	98	0.574467355072
all others	98	0.536958540045
all others	98	0.603411030663
all others	98	-0.000152737098296
all others	98	0.891931572587
all others	98	0.878040869721
all features	99	8.78671605684
all features	99	8.78671605684
all features	99	8.78671605684
all features	99	8.78671605684
all features	99	8.78671605684
all features	99	8.78671605684
all features	99	8.78671605684
all features	99	8.78671605684
all features	99	8.78671605684
all features	99	8.78671605684
all features	99	8.78671605684
all others	99	0.283138819128
all others	99	0.554753013305
all others	99	4.3291319394
all others	99	-0.000152737098296
all others	99	1.30039290743
all others	99	0.574467355072
all others	99	0.536958540045
all others	99	0.603411030663
all others	99	-0.000152737098296
all others	99	0.891931572587
all others	99	0.878040869721
